,City,Lat,Lng,Max Temp,Humidity,Cloudiness,Wind Speed,Country,Date
0,petropavlovsk-kamchatsky,53.0452,158.6483,25.39,73,40,27.0,RU,1702598091
1,ribeira grande,38.5167,-28.7,63.77,84,76,17.0,PT,1702598091
2,port-aux-francais,-49.35,70.2167,42.84,81,28,25.7,TF,1702598092
3,mancio lima,-7.6142,-72.8958,80.67,89,40,3.44,BR,1702598092
4,waitangi,-43.9535,-176.5597,53.15,65,62,7.9,NZ,1702598092
5,dudinka,69.4058,86.1778,-7.38,94,100,18.01,RU,1702598092
6,wailua homesteads,22.0669,-159.378,77.43,61,100,26.46,US,1702598092
7,arraial do cabo,-22.9661,-42.0278,76.96,78,0,17.27,BR,1702597957
8,kone,-21.0595,164.8658,87.33,43,11,4.97,NC,1702598092
9,grytviken,-54.2811,-36.5092,37.98,69,9,4.65,GS,1702598093
10,invercargill,-46.4,168.35,69.98,54,75,7.49,NZ,1702597841
11,trogir,43.5125,16.2517,53.8,47,0,10.36,HR,1702598093
12,tolanaro,-25.0319,46.9987,78.87,83,20,20.71,MG,1702598093
13,yellowknife,62.456,-114.3525,3.72,93,20,8.05,CA,1702598093
14,meadow lake,34.8014,-106.5436,44.08,69,22,4.38,US,1702598093
15,stanley,54.868,-1.6985,43.29,93,20,10.36,GB,1702598094
16,adamstown,-25.066,-130.1015,74.19,80,13,11.65,PN,1702598094
17,isafjordur,66.0755,-23.124,31.55,79,58,27.13,IS,1702598094
18,teguise,29.0605,-13.564,61.02,68,20,12.66,ES,1702597957
19,hawaiian paradise park,19.5933,-154.9731,75.04,78,75,16.11,US,1702598094
20,albany,42.6001,-73.9662,33.73,68,56,1.99,US,1702598094
21,pisco,-13.7,-76.2167,71.65,78,0,18.41,PE,1702598095
22,blackmans bay,-43.0167,147.3167,63.52,51,61,1.01,AU,1702598095
23,siem reap,13.5,104.0,74.75,76,77,3.24,KH,1702598095
24,el calafate,-50.3408,-72.2768,51.37,57,81,10.47,AR,1702598095
25,brisas de zicatela,15.8369,-97.0419,88.32,48,40,4.61,MX,1702598095
26,monroeville,40.4212,-79.7881,41.25,55,0,8.05,US,1702597956
27,longyearbyen,78.2186,15.6401,24.64,86,75,16.11,SJ,1702598095
28,klyuchi,52.2667,79.1667,-7.19,84,14,3.94,RU,1702598096
29,edinburgh of the seven seas,-37.0676,-12.3116,62.4,96,79,23.04,SH,1702598096
30,wareham,50.6889,-2.1104,48.63,84,6,1.01,GB,1702598096
31,st. john's,47.5649,-52.7093,25.79,67,75,24.16,CA,1702598027
32,hamilton,39.1834,-84.5333,45.45,49,0,3.44,US,1702597814
33,kindu,-2.95,25.95,70.21,99,96,1.5,CD,1702598097
34,juneau,58.3019,-134.4197,41.0,93,100,25.32,US,1702598097
35,tiksi,71.6872,128.8694,3.56,96,100,8.1,RU,1702598097
36,vuktyl,63.8567,57.3094,5.0,96,100,5.77,RU,1702598097
37,bel ombre,-4.6167,55.4167,84.04,74,40,8.05,SC,1702598097
38,iqaluit,63.7506,-68.5145,-1.41,90,100,5.91,CA,1702598097
39,mukalla,14.5425,49.1242,72.86,58,47,3.4,YE,1702598072
40,port lincoln,-34.7333,135.8667,64.69,56,0,7.92,AU,1702598098
41,aasiaat,68.7098,-52.8699,-0.85,96,97,7.29,GL,1702598098
42,cholpon-ata,42.6494,77.0823,21.25,42,35,6.8,KG,1702598098
43,lihue,21.9789,-159.3672,78.04,55,100,26.46,US,1702598098
44,prince george,53.9166,-122.753,27.63,95,100,0.0,CA,1702598098
45,preobrazheniye,42.9019,133.9064,19.85,38,100,5.21,RU,1702598098
46,sorong,-0.8833,131.25,83.05,75,67,4.76,ID,1702598099
47,berdigestyakh,62.0989,126.6992,-18.76,92,100,10.78,RU,1702598099
48,puerto ayora,-0.7393,-90.3518,76.15,87,76,8.75,EC,1702598099
49,thompson,55.7435,-97.8558,32.16,64,40,12.66,CA,1702598099
50,la gi,10.6667,107.7833,75.52,77,90,6.49,VN,1702598099
51,kirakira,-10.4544,161.9205,84.69,68,81,6.22,SB,1702598099
52,puerto natales,-51.7236,-72.4875,52.25,62,75,3.44,CL,1702598100
53,iskateley,67.6803,53.1512,-1.98,97,91,8.01,RU,1702598100
54,kudahuvadhoo,2.6708,72.8944,79.03,79,100,5.55,MV,1702598100
55,puerto armuelles,8.2833,-82.8667,87.78,72,41,1.01,PA,1702597948
56,papatowai,-46.5619,169.4708,70.38,53,74,6.49,NZ,1702598100
57,georgetown,5.4112,100.3354,80.94,89,20,3.44,MY,1702597801
58,djambala,-2.5447,14.7533,72.77,76,97,1.05,CG,1702598101
59,santa vitoria do palmar,-33.5189,-53.3681,70.09,88,100,4.81,BR,1702597806
60,lulea,65.5842,22.1547,6.87,85,100,5.75,SE,1702598101
61,ushuaia,-54.8,-68.3,47.86,66,75,8.05,AR,1702598101
62,college,64.8569,-147.8028,-10.1,74,20,0.0,US,1702598102
63,tazovsky,67.4667,78.7,-9.51,100,93,3.18,RU,1702598102
64,choele choel,-39.2667,-65.6833,80.67,11,24,20.58,AR,1702598102
65,la'ie,21.6477,-157.9253,75.16,58,57,23.85,US,1702598102
66,vilyuchinsk,52.9306,158.4028,26.87,74,100,28.23,RU,1702598103
67,beawar,26.1,74.3167,57.65,45,1,6.55,IN,1702598103
68,hilo,19.7297,-155.09,75.25,75,75,16.11,US,1702598104
69,luba,3.4568,8.5547,80.65,81,13,3.0,GQ,1702598104
70,beledweyne,4.7358,45.2036,77.9,70,4,14.74,SO,1702598104
71,san pedro,14.35,121.0167,80.35,89,40,4.0,PH,1702598104
72,afaahiti,-17.75,-149.2833,85.87,88,100,18.52,PF,1702598105
73,salem,11.65,78.1667,67.69,89,82,3.8,IN,1702597530
74,kununurra,-15.7667,128.7333,87.78,84,100,4.61,AU,1702598105
75,vorgashor,67.5833,63.95,-3.08,100,97,3.94,RU,1702598106
76,solnechnyy,50.7214,136.6319,-17.97,89,16,3.4,RU,1702598106
77,kincardine,56.0667,-3.7167,46.56,87,97,10.54,GB,1702598106
78,vorkuta,67.5,64.0,-1.05,99,98,3.87,RU,1702598107
79,coquimbo,-29.9533,-71.3436,62.33,72,0,11.5,CL,1702598107
80,ingeniero jacobacci,-41.3427,-69.5448,56.5,33,18,28.25,AR,1702598107
81,emerald,-23.5333,148.1667,84.34,59,0,11.34,AU,1702598108
82,qaqortoq,60.7167,-46.0333,-2.6,75,9,8.93,GL,1702598108
83,jalai nur,49.45,117.7,-18.04,91,96,2.73,CN,1702598108
84,kota kinabalu,5.9749,116.0724,80.58,83,20,0.0,MY,1702597887
85,port elizabeth,-33.918,25.5701,62.1,94,75,3.44,ZA,1702598108
86,kristiansund,63.1115,7.732,41.65,60,100,3.44,NO,1702598109
87,banikoara,11.2985,2.4386,71.15,25,0,6.29,BJ,1702598109
88,nchelenge,-9.3451,28.734,68.94,89,72,3.51,ZM,1702598109
89,talnakh,69.4865,88.3972,-7.8,98,100,7.23,RU,1702598109
90,rabo de peixe,37.8,-25.5833,63.99,99,20,18.41,PT,1702598110
91,charlestown,-32.95,151.6667,79.5,70,88,5.99,AU,1702598110
92,cidreira,-30.1811,-50.2056,72.48,94,72,11.88,BR,1702598110
93,nzerekore,7.7562,-8.8179,66.49,38,0,2.39,GN,1702598110
94,tidjikja,18.5564,-11.4271,65.48,17,56,11.79,MR,1702598110
95,whitehorse,60.7161,-135.0538,30.97,93,100,19.57,CA,1702598111
96,olonkinbyen,70.9221,-8.7187,34.32,86,93,26.93,SJ,1702598111
97,ust-tsilma,65.441,52.1498,-3.39,99,97,3.0,RU,1702598111
98,ta`u,-14.2336,-169.5144,78.1,89,100,15.05,AS,1702598111
99,yuzhno-kurilsk,44.0306,145.8556,27.37,69,100,22.28,RU,1702598112
100,jamestown,42.097,-79.2353,40.59,54,0,11.5,US,1702597942
101,remire-montjoly,4.9167,-52.2667,80.64,83,0,3.44,GF,1702598112
102,hermanus,-34.4187,19.2345,60.94,70,50,10.33,ZA,1702598113
103,pontiac,42.6389,-83.2911,43.93,60,20,8.05,US,1702597876
104,ust-nera,64.5667,143.2,-7.44,98,100,9.46,RU,1702598113
105,port alfred,-33.5906,26.891,58.17,95,23,1.01,ZA,1702598113
106,turtas,58.9417,69.1325,4.71,81,100,7.81,RU,1702598114
107,nadym,65.5333,72.5167,-0.33,97,100,5.68,RU,1702598114
108,nova sintra,14.8667,-24.7167,71.82,78,99,9.53,CV,1702598114
109,mugia,43.1041,-9.2179,52.92,81,46,6.13,ES,1702598114
110,onega,63.9061,38.1404,11.35,94,100,7.07,RU,1702598114
111,udachny,66.4167,112.4,-20.56,82,97,4.54,RU,1702598115
112,tateyama,34.9833,139.8667,52.11,85,100,5.08,JP,1702598115
113,tual,-5.6667,132.75,82.98,81,100,17.65,ID,1702598115
114,caleta de carquin,-11.0925,-77.6267,70.05,83,39,8.95,PE,1702598115
115,yelizovo,53.1873,158.3805,26.74,53,40,11.18,RU,1702598115
116,nantucket,41.2835,-70.0995,31.01,51,0,5.75,US,1702598015
117,shagonar,51.5333,92.8,-22.86,97,100,1.43,RU,1702598116
118,tukrah,32.5341,20.5791,65.52,48,89,19.69,LY,1702598116
119,tura,25.5198,90.2201,55.13,72,72,4.07,IN,1702598117
120,sebezh,56.2955,28.4654,19.11,97,95,5.23,RU,1702598118
121,yabelo,4.8833,38.0833,62.82,73,57,5.88,ET,1702598118
122,luderitz,-26.6481,15.1594,60.37,72,0,22.28,NA,1702598118
123,utrik,11.2278,169.8474,80.92,78,85,19.69,MH,1702598119
124,susuman,62.7833,148.1667,-8.01,97,100,7.0,RU,1702598119
125,cova figueira,14.8905,-24.2934,72.84,70,95,8.32,CV,1702598119
126,west island,-12.1568,96.8225,78.78,83,35,9.22,CC,1702598119
127,pudasjarvi,65.3833,26.9167,10.15,97,89,4.18,FI,1702598119
128,bredasdorp,-34.5322,20.0403,59.45,68,55,3.78,ZA,1702598120
129,vilyuysk,63.7553,121.6247,-22.27,100,100,5.46,RU,1702598120
130,chonchi,-42.6128,-73.8092,52.81,84,100,10.04,CL,1702598120
131,yarmouth,41.7057,-70.2286,34.97,53,0,4.0,US,1702598120
132,punta arenas,-53.15,-70.9167,50.11,81,100,6.91,CL,1702597987
133,ketchikan,55.3422,-131.6461,45.34,76,100,23.02,US,1702598121
134,avarua,-21.2078,-159.775,80.65,74,75,13.8,CK,1702598121
135,okakarara,-20.5833,17.4333,75.94,36,100,2.66,NA,1702598121
136,luanda,-8.8368,13.2343,80.6,83,0,4.61,AO,1702598075
137,guerrero negro,27.9769,-114.0611,69.73,39,0,9.6,MX,1702598121
138,lycksele,64.5954,18.6735,-2.33,84,100,0.0,SE,1702598121
139,mount isa,-20.7333,139.5,91.17,46,100,8.05,AU,1702598122
140,lompoc,34.6391,-120.4579,72.7,52,0,10.36,US,1702598122
141,siverek,37.755,39.3167,43.77,56,12,3.74,TR,1702598122
142,taroa,8.7058,171.2275,81.63,81,40,21.94,MH,1702598122
143,cannonvale,-20.2833,148.7,81.79,68,100,8.21,AU,1702598123
144,bilibino,68.0546,166.4372,-14.69,86,69,7.74,RU,1702598123
145,selfoss,63.9331,-20.9971,34.05,64,33,31.09,IS,1702598123
146,rio gallegos,-51.6226,-69.2181,55.45,67,20,6.91,AR,1702598123
147,keflavik,64.0049,-22.5624,37.83,70,75,31.07,IS,1702598123
148,ilulissat,69.2167,-51.1,14.02,85,100,10.36,GL,1702598124
149,saipan,15.1355,145.701,84.9,74,40,20.71,MP,1702598124
150,tindouf,27.6711,-8.1474,60.28,29,0,10.09,DZ,1702598124
151,khandyga,62.6667,135.6,-33.12,99,100,1.99,RU,1702598124
152,aykhal,66.0,111.5,-24.23,99,98,5.7,RU,1702598124
153,hithadhoo,-0.6,73.0833,81.97,78,46,6.33,MV,1702598125
154,marsabit,2.3284,37.9899,68.77,76,59,7.49,KE,1702598125
155,ahar,38.4774,47.0699,33.19,83,7,4.72,IR,1702598125
156,margaret river,-33.95,115.0667,61.45,51,52,10.87,AU,1702598126
157,chifeng,42.2683,118.9636,3.87,91,100,5.77,CN,1702598126
158,nova vicosa,-17.8919,-39.3719,76.91,84,0,8.19,BR,1702598103
159,port isabel,26.0734,-97.2086,69.89,89,75,4.0,US,1702598126
160,amahai,-3.3333,128.9167,84.31,70,40,3.58,ID,1702598126
161,mangrol,21.1167,70.1167,71.78,69,4,8.84,IN,1702598127
162,port sudan,19.6175,37.2164,75.11,56,0,16.69,SD,1702598127
163,enewetak,11.3474,162.3373,81.82,79,97,20.94,MH,1702598127
164,dunedin,-45.8742,170.5036,69.08,73,97,5.01,NZ,1702598128
165,glace bay,46.1969,-59.957,25.14,80,75,13.8,CA,1702598128
166,saint-pierre,-21.3393,55.4781,76.68,73,0,5.75,RE,1702598128
167,gaalkacyo,6.7697,47.4308,74.25,71,5,8.5,SO,1702598129
168,taghazout,30.5426,-9.7112,56.17,49,0,5.23,MA,1702598129
169,fengtai,39.5581,117.7492,17.47,67,82,14.03,CN,1702598129
170,atafu village,-8.5421,-172.5159,82.31,79,99,9.69,TK,1702598129
171,jilin,43.0,126.0,3.69,93,100,12.62,CN,1702598129
172,miyako,39.6367,141.9525,40.1,72,100,2.01,JP,1702598130
173,greenville,35.6127,-77.3663,39.13,63,0,0.0,US,1702598044
174,tofol,5.3248,163.0078,81.45,85,100,23.42,FM,1702598130
175,inhambane,-23.865,35.3833,77.77,87,59,8.41,MZ,1702598130
176,hammerfest,70.6634,23.6821,23.45,63,0,11.5,NO,1702598131
177,okhotsk,59.3833,143.3,-3.33,87,100,22.55,RU,1702598131
178,itupiranga,-5.1347,-49.3267,77.32,96,100,2.91,BR,1702598131
179,puerto baquerizo moreno,-0.9,-89.6,75.34,87,58,10.38,EC,1702598131
180,lock haven,41.137,-77.4469,37.89,69,30,5.1,US,1702598131
181,seaside,36.6111,-121.8516,63.84,78,0,4.61,US,1702598132
182,muynoq,43.7683,59.0214,29.16,62,100,11.65,UZ,1702598132
183,mormugao,15.4,73.8,72.66,64,1,8.75,IN,1702598132
184,ulaangom,49.9811,92.0667,-25.2,88,89,4.36,MN,1702598132
185,kingston,17.997,-76.7936,83.35,74,40,5.75,JM,1702598132
186,nuuk,64.1835,-51.7216,18.21,57,20,10.36,GL,1702598133
187,kouroussa,10.65,-9.8833,69.57,21,5,3.04,GN,1702598133
188,kapuskasing,49.4169,-82.4331,37.49,81,20,12.66,CA,1702598133
189,taraz,42.9,71.3667,1.81,85,75,2.24,KZ,1702598133
190,pandan,14.0453,124.1694,79.97,86,93,15.1,PH,1702598133
191,kijang,35.2442,129.2139,53.33,95,99,8.63,KR,1702598134
192,laurel bay,32.4502,-80.7848,53.91,48,0,10.36,US,1702598134
193,kerikeri,-35.2268,173.9474,74.91,71,33,1.99,NZ,1702598134
194,fale old settlement,-9.3852,-171.2468,79.54,87,100,14.47,TK,1702598134
195,ulyanovsk,54.0,48.0,8.65,83,91,10.87,RU,1702598134
196,kargasok,59.0556,80.8572,0.97,91,100,8.01,RU,1702598134
197,bethel,41.3712,-73.414,34.93,67,0,3.44,US,1702598136
198,ribeira brava,32.65,-17.0667,66.83,69,36,10.18,PT,1702598136
199,la foa,-21.7108,165.8276,83.14,50,0,8.01,NC,1702598136
200,badger,64.8,-147.5333,-10.19,72,40,0.0,US,1702598136
201,new norfolk,-42.7826,147.0587,64.71,38,35,4.23,AU,1702598136
202,kehychivka,49.2866,35.7615,40.87,97,100,17.43,UA,1702598137
203,trairi,-3.2778,-39.2689,80.44,75,56,11.48,BR,1702597918
204,kirkland lake,48.1446,-80.0377,37.69,65,83,2.3,CA,1702598137
205,crane,31.3974,-102.3501,52.86,96,100,17.25,US,1702598137
206,sovetskiy,61.3614,63.5842,9.12,98,100,3.65,RU,1702598137
207,murashi,59.3999,48.9615,5.38,97,100,5.97,RU,1702598138
208,fortuna,40.5982,-124.1573,59.92,64,0,0.0,US,1702598138
209,thakhek,17.4103,104.8307,68.11,86,44,2.04,LA,1702598138
210,fonte boa,-2.4959,-66.2662,75.94,98,100,2.17,BR,1702598138
211,holualoa,19.6228,-155.9522,80.44,64,20,31.07,US,1702598138
212,uturoa,-16.7333,-151.4333,82.13,80,95,19.71,PF,1702598139
213,bykovo,55.6361,38.0803,18.01,93,100,17.9,RU,1702598139
214,korla,41.7597,86.1469,9.25,70,10,1.63,CN,1702598139
215,moama,-36.1167,144.7833,74.53,32,0,8.93,AU,1702598139
216,pangody,65.85,74.4859,-8.95,100,97,4.5,RU,1702598139
217,lata,40.1629,-8.3327,44.08,77,3,3.58,PT,1702598140
218,cartagena del chaira,1.3349,-74.8429,76.66,88,87,1.99,CO,1702598140
219,vadso,70.0744,29.7487,21.36,79,75,9.22,NO,1702598140
220,bogen,48.9112,12.6896,42.82,91,99,7.61,DE,1702598140
221,male,4.1748,73.5089,80.55,89,75,6.91,MV,1702598140
222,totskoye,52.5248,52.7623,13.89,71,86,11.27,RU,1702598140
223,anadyr,64.75,177.4833,16.3,86,75,33.55,RU,1702598141
224,villa gesell,-37.2639,-56.973,68.05,85,39,17.27,AR,1702598141
225,bima,-8.4667,118.7167,80.73,89,96,4.41,ID,1702598141
226,wajir,1.7471,40.0573,78.93,79,44,12.73,KE,1702598141
227,yaren,-0.5472,166.916,84.38,77,86,15.26,NR,1702598141
228,bodo,67.28,14.405,24.84,54,0,31.07,NO,1702598142
229,timbuktu,16.7735,-3.0074,66.31,18,34,10.63,ML,1702598142
230,griffith,41.5284,-87.4237,46.89,64,0,4.61,US,1702598142
231,hasaki,35.7333,140.8333,50.29,70,99,8.79,JP,1702598142
232,kutum,14.2,24.6667,53.19,30,4,5.68,SD,1702598142
233,borogontsy,62.6683,131.1683,-29.96,96,99,5.57,RU,1702598142
234,papao,-17.75,-149.55,87.48,82,100,19.46,PF,1702598143
235,ostersund,63.1792,14.6357,3.61,92,0,0.0,SE,1702598143
236,kodiak,57.79,-152.4072,27.91,69,0,20.71,US,1702597999
237,weno,7.4515,151.8468,84.15,79,75,13.8,FM,1702598144
238,ottawa,45.4112,-75.6981,35.89,74,40,10.36,CA,1702598024
239,johnstown,40.3267,-78.922,37.74,50,0,10.36,US,1702597914
240,igarka,67.4667,86.5833,-8.93,97,100,10.54,RU,1702598145
241,mettur,11.8,77.8,68.4,91,71,4.65,IN,1702598145
242,santiago de cao,-7.9589,-79.2392,71.73,78,71,8.05,PE,1702598145
243,chibougamau,49.9168,-74.3659,24.42,80,100,12.66,CA,1702598145
244,labrador city,52.9463,-66.9114,12.11,79,100,14.97,CA,1702598145
245,wad rawah,15.1603,33.1397,71.01,32,12,13.0,SD,1702598145
246,nushki,29.5542,66.0215,56.59,31,96,7.07,PK,1702598145
247,torbat-e heydariyeh,35.274,59.2195,41.83,84,100,3.47,IR,1702598146
248,martapura,-3.4167,114.85,77.09,94,40,0.0,ID,1702598146
249,howard springs,-12.497,131.047,80.51,73,96,2.84,AU,1702598146
250,shitanjing,39.2342,106.3439,4.71,67,76,18.77,CN,1702598146
251,mil'kovo,55.6078,37.7956,20.43,95,100,15.19,RU,1702598146
252,minas de marcona,-15.2119,-75.1103,63.12,79,50,9.86,PE,1702598147
253,fort bragg,35.139,-79.006,44.15,56,0,0.0,US,1702598147
254,red hill,33.9996,-79.2581,48.06,48,0,6.58,US,1702598147
255,mili,6.0815,171.735,82.35,81,100,20.15,MH,1702598147
256,richards bay,-28.783,32.0377,69.96,91,85,14.94,ZA,1702598147
257,gilgit,35.9221,74.3087,36.48,41,4,2.84,PK,1702598148
258,simpang,-1.2667,104.0833,75.69,92,99,2.01,ID,1702598148
259,nemuro,43.3236,145.575,27.54,63,67,19.82,JP,1702598148
260,kenai,60.5544,-151.2583,12.29,90,0,5.75,US,1702598148
261,cacequi,-29.8836,-54.825,77.65,83,99,7.47,BR,1702598148
262,saldanha,-33.0117,17.9442,59.05,76,0,22.55,ZA,1702598149
263,antofagasta,-23.65,-70.4,67.28,77,8,4.9,CL,1702597938
264,rajapur,25.3833,81.15,56.88,55,8,3.22,IN,1702598149
265,general villegas,-35.0328,-63.0125,78.19,71,61,12.93,AR,1702597983
266,east london,-33.0153,27.9116,64.02,77,34,12.03,ZA,1702598149
267,san jose del cabo,23.0589,-109.6977,79.59,67,2,8.01,MX,1702597892
268,ola,59.5833,151.2833,3.22,69,57,15.41,RU,1702598150
269,molina,-35.1167,-71.2833,74.93,43,0,9.22,CL,1702598150
270,mossel bay,-34.1831,22.146,58.93,73,19,3.51,ZA,1702598150
271,paso de los toros,-32.8167,-56.5167,75.22,82,100,11.56,UY,1702598097
272,kavali,14.9167,79.9833,73.63,77,74,8.88,IN,1702598150
273,gutao,37.2025,112.1781,13.15,90,71,8.86,CN,1702598150
274,island harbour,50.724,-1.2758,47.93,90,31,1.99,GB,1702598150
275,port mathurin,-19.6833,63.4167,79.09,76,4,14.63,MU,1702598151
276,ixtapa,20.7,-105.2,82.22,57,100,1.61,MX,1702598151
277,pula,44.8683,13.8481,48.76,61,0,6.91,HR,1702598081
278,nizhniy kuranakh,58.8353,125.4869,-15.11,93,100,9.53,RU,1702598151
279,callao,-12.0667,-77.15,74.71,73,100,14.97,PE,1702598151
280,constitucion,-35.3333,-72.4167,53.87,77,1,11.39,CL,1702598151
281,newman,37.3138,-121.0208,63.28,57,100,3.0,US,1702598152
282,myeik,12.4333,98.6,76.24,76,72,3.27,MM,1702598152
283,hadibu,12.65,54.0333,76.46,78,23,12.35,YE,1702598152
284,rio grande,-32.035,-52.0986,78.91,85,100,8.03,BR,1702598152
285,fontanelas,38.8472,-9.4372,53.17,76,6,9.46,PT,1702598152
286,mont-dore,-22.2833,166.5833,85.98,98,35,10.4,NC,1702598152
287,kirkwall,58.9848,-2.9587,47.97,81,100,17.27,GB,1702598153
288,tres arroyos,-38.3739,-60.2798,61.34,95,98,21.65,AR,1702598153
289,forster,-32.1667,152.5167,83.37,63,16,11.54,AU,1702598153
290,sassandra,4.95,-6.0833,79.57,79,3,5.66,CI,1702598153
291,cadillac,44.2519,-85.4012,39.11,65,0,9.22,US,1702598053
292,ponta delgada,37.7333,-25.6667,65.19,77,20,18.41,PT,1702598153
293,cassino,41.4876,13.8315,53.98,65,93,7.0,IT,1702598153
294,jiaojiang,28.6803,121.4428,59.0,92,55,3.36,CN,1702598154
295,egilsstadir,65.2653,-14.3948,35.51,55,0,20.71,IS,1702598154
296,igrim,63.1906,64.4162,1.94,98,100,3.15,RU,1702598154
297,constantia,44.1833,28.65,45.7,86,100,11.39,RO,1702598154
298,ancud,-41.8697,-73.8203,53.94,84,100,20.78,CL,1702598154
299,pariaman,-0.619,100.12,75.25,83,95,2.1,ID,1702598154
300,sisimiut,66.9395,-53.6735,6.85,82,99,17.52,GL,1702598155
301,nakhon thai,17.1006,100.8374,70.77,86,12,1.95,TH,1702598155
302,sunne,59.8376,13.143,23.32,96,100,3.6,SE,1702598155
303,sitka,57.0531,-135.33,44.49,81,100,20.71,US,1702598155
304,luganville,-15.5333,167.1667,81.19,58,78,8.77,VU,1702597981
305,evreux,49.0241,1.1508,47.32,93,100,6.91,FR,1702598156
306,praya,14.9215,-23.5087,75.74,83,96,18.41,CV,1702598156
307,dompu,-8.5356,118.4622,81.12,86,98,3.98,ID,1702598156
308,ciudad lazaro cardenas,17.9583,-102.2,80.42,68,100,5.01,MX,1702598156
309,torghay,49.6339,63.4981,7.25,53,28,14.56,KZ,1702598156
310,soio,-6.1349,12.3689,79.77,85,81,2.35,AO,1702598157
311,benguela,-12.5763,13.4055,77.86,82,98,5.26,AO,1702598157
312,kavaratti,10.5669,72.642,82.49,71,100,4.83,IN,1702598157
313,grantsville,40.5999,-112.4644,42.17,77,0,1.99,US,1702598157
314,amudalavalasa,18.4167,83.9,64.04,89,15,5.21,IN,1702598157
315,ago-are,8.5,3.4167,77.13,26,5,4.43,NG,1702598157
316,naze,28.3667,129.4833,68.92,75,4,10.18,JP,1702598158
317,saint-philippe,-21.3585,55.7679,76.59,81,48,10.47,RE,1702598158
318,flying fish cove,-10.4217,105.6791,76.68,78,40,4.61,CX,1702598158
319,ruyigi,-3.45,30.3167,59.54,93,97,1.59,BI,1702598158
320,merizo village,13.2658,144.6691,84.76,84,75,22.62,GU,1702598158
321,rongelap,11.1635,166.8941,81.18,79,38,20.62,MH,1702598158
322,kailua-kona,19.6406,-155.9956,84.16,62,20,31.07,US,1702598158
323,banjarmasin,-3.3244,114.591,77.14,96,100,2.59,ID,1702598159
324,trinity beach,-16.7888,145.6968,79.02,97,100,13.8,AU,1702598159
325,bubaque,11.2833,-15.8333,81.81,67,32,11.01,GW,1702598159
326,tsiombe,-25.3,45.4833,75.25,89,5,3.51,MG,1702598160
327,morahalom,46.2181,19.8851,42.87,90,98,3.51,HU,1702598160
328,mount gambier,-37.8333,140.7667,63.72,51,91,8.81,AU,1702598161
329,conde,-7.2597,-34.9075,78.26,83,20,4.61,BR,1702598161
330,khromtau,50.2503,58.4347,1.72,78,99,12.46,KZ,1702598161
331,coronel du graty,-27.6804,-60.9146,85.59,58,99,7.9,AR,1702598161
332,buurhakaba,2.8026,44.0781,76.53,81,11,7.96,SO,1702598161
333,gizo,-8.103,156.8419,83.46,74,86,3.04,SB,1702598161
334,wanning,18.8003,110.3967,76.48,87,90,2.21,CN,1702598162
335,ulanhot,46.0833,122.0833,2.3,69,100,4.94,CN,1702598162
336,warrnambool,-38.3833,142.4833,59.88,69,99,12.06,AU,1702598162
337,christchurch,-43.5333,172.6333,68.95,67,100,8.05,NZ,1702598149
338,shalqar,47.8333,59.6,13.8,37,99,19.28,KZ,1702598162
339,kodinsk,58.6881,99.1844,-12.14,99,99,3.15,RU,1702598163
340,mandalgovi,45.7625,106.2708,-12.23,91,100,12.91,MN,1702598163
341,tazacorte,28.629,-17.9293,65.37,75,100,10.36,ES,1702598163
342,brigantine,39.4101,-74.3646,38.01,57,0,3.44,US,1702598163
343,ghanzi,-21.5667,21.7833,72.21,73,100,8.86,BW,1702598164
344,strugi-krasnyye,58.2675,29.1114,20.17,97,100,1.01,RU,1702598164
345,luena,-11.7833,19.9167,64.58,100,0,2.3,AO,1702598164
346,viedma,-40.8135,-62.9967,65.32,80,100,22.66,AR,1702598164
347,alzamay,55.5562,98.6644,-5.78,99,100,2.62,RU,1702598164
348,san pedro pochutla,15.7333,-96.4667,77.76,64,74,4.72,MX,1702598165
349,anna regina,7.2644,-58.5077,79.14,82,78,7.2,GY,1702598165
350,carnarvon,-24.8667,113.6333,80.83,47,0,17.25,AU,1702598165
351,santa rosa,14.3122,121.1114,81.1,86,14,13.06,PH,1702598165
352,matadi,-5.8167,13.45,75.88,96,92,0.96,CD,1702598166
353,darwin,-12.4611,130.8418,80.58,94,75,6.91,AU,1702598166
354,acarau,-2.8856,-40.12,80.46,75,64,15.75,BR,1702598166
355,yangon,16.8053,96.1561,76.96,88,40,2.3,MM,1702598166
356,veraval,20.9,70.3667,72.39,65,3,7.92,IN,1702598166
357,menaka,15.9182,2.4022,66.34,18,0,10.02,ML,1702598167
358,lebu,-37.6167,-73.65,54.63,81,0,5.03,CL,1702598167
359,juruti,-2.1522,-56.0922,82.9,68,71,4.56,BR,1702598167
360,saudarkrokur,65.7461,-19.6394,30.45,90,74,25.1,IS,1702598167
361,cootamundra,-34.65,148.0333,79.95,36,0,8.5,AU,1702598167
362,esperalvillo,18.8151,-70.0356,75.04,96,100,4.45,DO,1702598168
363,bikenibeu village,1.3673,173.1241,82.36,89,100,6.91,KI,1702598168
364,cabo san lucas,22.8909,-109.9124,86.31,26,0,4.61,MX,1702597578
365,colonia,50.9333,6.95,41.86,86,100,2.3,DE,1702598168
366,acapulco de juarez,16.8634,-99.8901,87.62,62,75,12.66,MX,1702597876
367,carutapera,-1.195,-46.02,80.38,79,38,8.57,BR,1702598169
368,qarazhal,48.0078,70.7903,7.07,57,0,11.1,KZ,1702598169
369,joshimath,30.5667,79.5667,47.61,25,49,8.08,IN,1702598169
370,mermoz boabab,14.7065,-17.4758,74.98,69,22,9.22,SN,1702598169
371,midvagur,62.0511,-7.1939,45.43,65,75,18.41,FO,1702598169
372,letterkenny,54.95,-7.7333,47.23,78,93,9.57,IE,1702598169
373,zima,53.9202,102.0442,-16.33,94,99,2.8,RU,1702598170
374,san salvador de jujuy,-24.1946,-65.2971,74.73,85,99,3.4,AR,1702598170
375,mejit,10.2753,170.8646,81.19,77,22,22.62,MH,1702598170
376,goundam,16.4145,-3.6708,66.04,19,29,10.36,ML,1702598170
377,port saint john's,-31.6229,29.5448,65.5,82,100,10.33,ZA,1702598170
378,laguna,38.421,-121.4238,60.08,55,0,6.91,US,1702598171
379,brokopondo,4.75,-55.1667,81.25,77,80,10.02,SR,1702598171
380,thinadhoo,0.5333,72.9333,82.76,72,92,4.5,MV,1702598171
381,chania,35.5122,24.0156,64.0,63,20,6.91,GR,1702598171
382,balsta,59.5671,17.5278,19.33,93,86,3.89,SE,1702598172
383,spring creek,40.7266,-115.5859,28.09,59,71,0.78,US,1702598172
384,porto novo,6.4965,2.6036,80.42,70,4,3.71,BJ,1702598172
385,zhangjiakou shi xuanhua qu,40.6103,115.0447,9.97,70,90,13.47,CN,1702598172
386,mgandu,-5.95,34.1333,62.53,95,83,2.59,TZ,1702598172
387,nelson bay,-32.7167,152.15,77.0,75,72,11.01,AU,1702598173
388,lubumbashi,-11.6609,27.4794,63.45,97,94,0.54,CD,1702598173
389,santa elena de uairen,4.6167,-61.1333,76.21,61,90,2.42,VE,1702598173
390,nha trang,12.25,109.1833,78.8,87,78,5.5,VN,1702598173
391,salavan,15.7167,106.4167,71.46,88,81,2.86,LA,1702598174
392,sola,-13.8833,167.55,78.71,67,100,13.62,VU,1702598174
393,wenchang,30.904,118.4887,40.87,87,100,8.46,CN,1702598174
394,taoudenni,22.6783,-3.9836,67.57,19,0,11.05,ML,1702598174
395,nar'yan-mar,67.6713,53.087,-1.89,97,91,8.01,RU,1702598175
396,humberto de campos,-2.5983,-43.4611,79.75,79,29,9.17,BR,1702598175
397,aibak,36.2647,68.0155,44.67,48,65,1.39,AF,1702598176
398,whangarei,-35.7317,174.3239,75.81,43,68,2.13,NZ,1702597909
399,temiskaming shores,47.4938,-79.7153,33.6,75,69,11.23,CA,1702598176
400,masterton,-40.9597,175.6575,60.89,49,53,11.39,NZ,1702598177
401,hotan,37.0997,79.9269,16.54,56,19,4.25,CN,1702598177
402,awjilah,29.1081,21.2869,60.91,43,57,10.76,LY,1702598177
403,mount pearl,47.5166,-52.7813,24.96,67,75,24.16,CA,1702598177
404,columbia,34.0007,-81.0348,45.88,56,0,0.0,US,1702597741
405,kruisfontein,-34.0033,24.7314,59.88,82,93,2.66,ZA,1702598178
406,aleg,17.0481,-13.9209,73.33,17,23,10.89,MR,1702598178
407,mumford,5.2618,-0.759,79.81,75,2,6.33,GH,1702598178
408,xilin hot,43.9667,116.0333,-8.88,97,100,9.33,CN,1702598178
409,cockburn town,21.4612,-71.1419,78.84,73,75,25.52,TC,1702598178
410,isetskoye,56.4858,65.3226,4.15,76,100,8.14,RU,1702598178
411,rawson,-43.3002,-65.1023,65.37,53,1,7.54,AR,1702598179
412,sinabang,2.4803,96.3801,77.76,88,99,3.94,ID,1702598179
413,la passe,45.5549,-0.8967,50.23,94,77,2.91,FR,1702598179
414,valle de la pascua,9.2155,-66.0073,79.72,69,98,6.96,VE,1702598180
415,geraldton,-28.7667,114.6,70.21,64,96,10.36,AU,1702598180
416,port douglas,-16.4833,145.4667,76.91,95,100,16.8,AU,1702598180
417,san patricio,28.017,-97.5169,66.92,90,92,14.67,US,1702598180
418,togur,58.3631,82.8265,5.14,93,100,8.01,RU,1702598180
419,buritizeiro,-17.3511,-44.9622,77.5,28,46,3.83,BR,1702598181
420,coronel dorrego,-38.7187,-61.2873,62.67,95,90,22.35,AR,1702598181
421,cill airne,52.05,-9.5167,46.47,80,97,5.21,IE,1702598181
422,moyynkum,44.2914,72.9469,5.34,80,15,24.81,KZ,1702598182
423,juan aldama,24.2908,-103.3944,61.54,42,57,6.24,MX,1702598182
424,neryungri,56.6709,124.6491,-14.71,89,100,14.52,RU,1702598183
425,sao paulo de olivenca,-3.3783,-68.8725,74.75,98,100,2.28,BR,1702598183
426,waat,51.1454,6.4958,42.76,94,68,3.0,DE,1702598183
427,pacific grove,36.6177,-121.9166,62.65,82,0,4.61,US,1702597998
428,mongo,12.1844,18.693,71.47,24,6,5.59,TD,1702598183
429,oruro,-17.9833,-67.15,48.69,87,75,13.8,BO,1702598183
430,kralendijk,12.15,-68.2667,82.38,78,20,13.8,BQ,1702598184
431,greenland,43.0362,-70.8328,32.11,54,75,3.44,US,1702598184
432,soure,-0.7167,-48.5233,81.86,79,8,11.07,BR,1702598184
433,yanam,16.7333,82.2167,69.51,86,20,6.17,IN,1702598184
434,al bawiti,28.3492,28.8659,56.16,70,0,2.13,EG,1702598184
435,sangkhla buri,15.1555,98.4536,69.46,87,26,1.59,TH,1702598185
436,chu,43.5983,73.7614,-1.41,81,32,2.86,KZ,1702598185
437,elmina,5.0898,-1.348,79.63,78,3,6.44,GH,1702598185
438,zaozersk,69.4005,32.4476,0.03,99,60,5.91,RU,1702598185
439,acajutla,13.5928,-89.8275,82.42,70,7,5.1,SV,1702598186
440,kigoma,-4.8769,29.6267,70.39,94,20,0.0,TZ,1702598186
441,wenling,28.3669,121.36,62.47,94,66,2.26,CN,1702598186
442,ishinomaki,38.4167,141.3,39.2,74,100,2.57,JP,1702598186
443,weihai,37.5017,122.1136,32.86,90,100,23.89,CN,1702598186
444,jawf al maqbabah,13.8378,45.8349,64.53,34,37,5.99,YE,1702598186
445,sao felix do xingu,-6.6447,-51.995,74.43,99,91,1.52,BR,1702598187
446,klichaw,53.4928,29.3352,21.94,95,100,8.01,BY,1702598187
447,chokwe,-24.5333,32.9833,78.06,71,99,5.23,MZ,1702598187
448,miracema do tocantins,-9.5618,-48.3967,85.08,45,78,2.28,BR,1702598188
449,jimenez,28.3333,-105.4,67.86,19,0,10.67,MX,1702598188
450,tobelo,1.7284,128.0095,82.22,78,52,3.2,ID,1702598188
451,chui,-33.6971,-53.4616,69.39,92,100,5.14,UY,1702598188
452,katabu,-4.9333,122.5167,81.72,82,100,1.23,ID,1702598188
453,codrington,-38.2667,141.9667,61.32,63,100,10.11,AU,1702598189
454,al kharijah,25.4514,30.5464,59.36,60,0,8.39,EG,1702598189
455,panj,37.2363,69.0991,49.33,33,67,1.59,TJ,1702598189
456,calvinia,-31.4707,19.776,55.76,57,0,3.74,ZA,1702598189
457,uden,51.6568,5.6126,43.86,93,100,9.22,NL,1702598189
458,bryne,58.7354,5.6477,41.99,97,75,9.22,NO,1702598190
459,oroqen zizhiqi,50.5667,123.7167,-20.36,94,23,3.51,CN,1702598190
460,khark,29.2614,50.3306,67.35,60,0,18.39,IR,1702598190
461,nyala,12.05,24.8833,62.01,23,21,13.91,SD,1702598190
462,cefalu,38.0386,14.0229,56.53,77,50,5.01,IT,1702598190
463,arteaga,18.4667,-102.4167,68.7,63,100,3.06,MX,1702598149
464,salinopolis,-0.6136,-47.3561,81.84,80,44,12.39,BR,1702598191
465,shindand,33.3029,62.1474,45.75,87,100,7.2,AF,1702598191
466,ararat,39.8317,44.7049,34.14,58,3,2.8,AM,1702598191
467,es castell,39.8795,4.2854,54.28,54,40,27.63,ES,1702598191
468,port moresby,-9.4431,147.1797,86.68,63,94,4.09,PG,1702598191
469,lamu,-2.2717,40.902,80.82,84,45,8.79,KE,1702598192
470,saint-jean-de-maurienne,45.1667,6.5833,20.14,97,88,7.67,FR,1702598192
471,belyy yar,53.6039,91.3903,-5.91,92,100,0.0,RU,1702598192
472,santana,-0.0583,-51.1817,86.18,66,0,11.5,BR,1702598193
473,plainview,40.7765,-73.4673,41.9,61,0,4.61,US,1702598083
474,ocara,-4.4908,-38.5967,78.03,74,40,5.61,BR,1702597980
475,almenara,-16.1836,-40.6944,74.48,72,4,4.38,BR,1702598024
476,vila franca do campo,37.7167,-25.4333,64.89,99,95,16.42,PT,1702598193
477,al ghayzah,16.2079,52.176,72.45,48,30,8.59,YE,1702598194
478,usinsk,65.9939,57.5281,5.07,96,92,10.0,RU,1702598194
479,hami,42.8,93.45,7.79,48,0,7.36,CN,1702598194
480,sagua de tanamo,20.5819,-75.2414,74.16,81,33,10.71,CU,1702598194
481,wynyard,-41.0,145.7167,63.48,46,37,9.93,AU,1702598194
482,waddan,29.1614,16.139,62.08,38,99,6.73,LY,1702598194
483,miramichi,47.0043,-65.4654,23.22,53,38,8.63,CA,1702598195
484,kangding,30.0513,101.9603,35.94,61,33,7.52,CN,1702598195
485,weyburn,49.6668,-103.8511,28.62,74,0,5.75,CA,1702598195
486,racale,39.9631,18.0938,52.25,87,100,7.85,IT,1702598195
487,tangalle,6.024,80.7911,76.41,89,94,6.38,LK,1702598195
488,loikaw,19.6742,97.2094,60.1,92,18,3.22,MM,1702598195
489,tralee,52.2704,-9.7026,46.78,85,100,5.59,IE,1702598196
490,salinas,36.6777,-121.6555,68.0,69,0,9.22,US,1702598108
491,suntar,62.1444,117.6319,-18.85,94,100,9.51,RU,1702598196
492,pankrushikha,53.8319,80.3406,-13.9,88,39,6.38,RU,1702598196
493,shakawe,-18.3667,21.85,69.22,84,100,5.32,BW,1702598196
494,kulhudhuffushi,6.6221,73.07,81.7,75,100,4.65,MV,1702598197
495,katsuren-haebaru,26.3369,127.8719,74.17,79,20,6.91,JP,1702598197
496,paragominas,-2.9667,-47.4833,78.49,75,97,2.15,BR,1702598198
497,cukai,4.25,103.4167,76.95,92,85,3.11,MY,1702597939
498,undurkhaan,47.3194,110.6556,-8.05,100,100,0.85,MN,1702598198
499,thohoyandou,-22.9456,30.485,70.52,75,83,1.77,ZA,1702598199
500,charters towers,-20.1,146.2667,76.17,79,100,12.93,AU,1702598134
501,torrington,41.8007,-73.1212,32.32,74,9,1.01,US,1702598071
502,eyl,7.9803,49.8164,76.21,64,5,17.4,SO,1702598199
503,fisterra,42.9049,-9.2629,52.75,78,20,8.34,ES,1702598199
504,nizhneudinsk,54.9076,99.0276,-5.48,98,100,1.45,RU,1702598199
505,riyadh,24.6877,46.7219,51.94,52,0,7.36,SA,1702598200
506,okha,53.5739,142.9478,-5.73,89,100,27.69,RU,1702598200
507,gorontalo,0.5412,123.0595,81.86,78,100,3.22,ID,1702598200
508,varnamo,57.186,14.04,28.49,97,100,2.44,SE,1702598200
509,shenjiamen,29.9576,122.298,55.0,85,53,21.34,CN,1702598200
510,la ronge,55.1001,-105.2842,35.85,48,75,8.05,CA,1702598201
511,ca mau,9.1769,105.15,77.67,86,80,7.99,VN,1702598201
512,ulsteinvik,62.3432,5.8487,46.76,72,90,8.99,NO,1702598201
513,orizona,-17.0314,-48.2958,75.42,45,28,4.97,BR,1702598201
514,revda,56.801,59.9303,10.31,85,100,2.19,RU,1702598201
515,chenzhou,25.8,113.0333,54.43,87,25,7.63,CN,1702598201
516,peniche,39.3558,-9.3811,49.44,87,5,8.12,PT,1702598202
517,tokar,18.4254,37.729,77.05,56,3,11.43,SD,1702598202
518,winsen,53.3667,10.2167,35.42,99,88,6.17,DE,1702598202
519,tupiza,-21.45,-65.7167,57.43,80,85,6.87,BO,1702598202
520,queenstown,-31.8976,26.8753,55.26,79,93,4.36,ZA,1702598202
521,ebon,4.582,168.6964,80.49,81,100,27.74,MH,1702598202
522,polyarnyy,69.1989,33.4478,6.53,97,65,11.18,RU,1702598202
523,marica,-22.9194,-42.8186,82.35,83,32,10.16,BR,1702598203
524,terbanggi besar,-4.8667,105.2333,78.44,79,25,10.31,ID,1702598203
525,ceerigaabo,10.6162,47.368,57.54,35,39,8.5,SO,1702598203
526,gannan,47.9147,123.5031,-5.91,81,100,5.91,CN,1702598203
527,touros,-5.1989,-35.4608,79.25,77,38,13.85,BR,1702598203
528,flin flon,54.7682,-101.865,37.24,60,40,5.75,CA,1702598204
529,quellon,-43.1167,-73.6167,52.7,84,100,15.99,CL,1702598204
530,umm kaddadah,13.6017,26.6876,58.32,32,5,11.95,SD,1702598204
531,vytegra,61.0064,36.4481,14.36,92,96,11.01,RU,1702598204
532,kirsanov,52.6549,42.7224,17.82,87,100,16.75,RU,1702598204
533,turpan,42.9333,89.1667,14.22,33,0,0.92,CN,1702598204
534,santa cruz,-17.8,-63.1667,86.05,62,75,14.97,BO,1702598204
535,bardai,11.65,7.2333,61.34,34,15,8.46,NG,1702598205
536,ambon,-3.6954,128.1814,88.92,90,40,10.36,ID,1702598205
537,konduga,11.6558,13.4213,67.71,34,58,7.45,NG,1702598205
538,alice springs,-23.7,133.8833,83.75,28,26,14.97,AU,1702598064
539,hovd,48.0056,91.6419,-5.26,83,34,0.83,MN,1702598205
540,burang,30.25,81.1667,15.21,38,18,2.98,CN,1702598205
541,iwai,36.05,139.9,51.94,55,100,2.66,JP,1702598206
542,fauske,67.2588,15.3918,24.84,84,55,11.52,NO,1702598206
543,sarupathar,26.1984,93.8094,55.74,97,64,0.83,IN,1702598206
544,margate,51.3813,1.3862,43.88,94,92,3.0,GB,1702597375
545,ekuvukeni,-28.4675,30.1551,63.79,92,95,4.29,ZA,1702598206
546,ballina,-28.8667,153.5667,87.55,50,86,4.99,AU,1702598206
547,ventanas,-1.45,-79.4667,82.78,76,79,2.64,EC,1702598206
548,sawakin,19.1059,37.3321,75.22,55,2,12.21,SD,1702598207
549,hun,29.1268,15.9477,62.58,36,98,7.85,LY,1702598207
550,freetown,8.484,-13.2299,78.75,75,0,5.61,SL,1702598207
551,maragogi,-9.0122,-35.2225,78.49,76,96,8.28,BR,1702598174
552,danville,36.586,-79.395,44.02,55,0,0.0,US,1702598030
553,mahina,-17.5065,-149.489,87.57,66,75,17.27,PF,1702598207
554,arkhangel'sk,64.5401,40.5433,10.51,85,40,6.71,RU,1702598207
555,ozerne,50.1782,28.7338,30.02,94,100,10.6,UA,1702598208
556,staroaleyskoye,51.0061,82.0,-16.78,95,15,2.84,RU,1702598208
557,sao joao da barra,-21.6403,-41.0511,78.89,87,28,16.84,BR,1702598208
558,niigata,37.9022,139.0236,42.75,81,75,8.05,JP,1702598036
559,aripuana,-9.1667,-60.6333,74.17,94,100,2.53,BR,1702598209
560,ati,13.2154,18.3353,69.44,17,48,9.6,TD,1702598210
561,hirara,24.8,125.2833,71.87,88,40,4.61,JP,1702598210
562,val-d'or,48.1002,-77.7828,32.09,80,100,10.36,CA,1702597954
563,khandud,36.9513,72.318,10.85,92,55,1.97,AF,1702598210
564,kasempa,-13.4584,25.8338,64.4,95,83,3.31,ZM,1702598210
565,birur,13.6167,75.9667,61.92,86,41,3.8,IN,1702598210
566,bastrop,32.7562,-91.8724,64.08,53,0,0.0,US,1702598210
567,cotonou,6.3654,2.4183,80.58,61,20,2.3,BJ,1702598211
568,hampi,15.3333,76.4667,63.68,90,94,5.41,IN,1702598211
569,puerto lempira,15.2667,-83.7667,82.54,83,40,4.61,HN,1702598211
570,viru,-8.4167,-78.75,71.49,79,67,4.47,PE,1702598211
571,antsiranana,-12.2787,49.2917,78.04,83,51,12.97,MG,1702598212
572,prince albert,53.2001,-105.7677,33.75,60,75,9.22,CA,1702598212
573,shalkar,47.8288,59.6258,13.77,37,100,19.35,KZ,1702598212
574,varadero,23.1536,-81.2514,75.96,79,64,25.23,CU,1702598213
575,n'zeto,-7.2312,12.8666,79.43,88,58,5.91,AO,1702598213
576,broken hill,-31.95,141.4333,75.6,34,0,6.85,AU,1702598213
577,odesskoye,54.2111,72.9651,-17.18,86,42,4.34,RU,1702598213
578,san antonio de pale,-1.4014,5.6325,81.0,82,26,7.7,GQ,1702598213
579,kavieng,-2.5744,150.7967,84.24,74,49,7.74,PG,1702598214
580,cove,7.221,2.3402,74.44,54,43,2.39,BJ,1702598214
581,terme,41.2092,36.9739,55.06,55,86,3.83,TR,1702598214
